current_round,agents_data,death_data,birth_data
2,"(85, 300)","(12, 0)","(0, 0)"
3,"(73, 300)","(11, 0)","(0, 0)"
4,"(64, 300)","(9, 0)","(0, 0)"
5,"(188, 324)","(0, 0)","(124, 24)"
2,"(86, 300)","(13, 0)","(0, 0)"
3,"(78, 300)","(6, 0)","(0, 0)"
4,"(71, 300)","(6, 0)","(0, 0)"
5,"(193, 336)","(0, 0)","(122, 36)"
6,"(153, 348)","(32, 0)","(0, 12)"
7,"(130, 376)","(22, 0)","(0, 28)"
8,"(114, 392)","(16, 0)","(0, 16)"
9,"(299, 422)","(1, 0)","(186, 30)"
10,"(238, 480)","(50, 0)","(2, 58)"
11,"(590, 562)","(30, 0)","(384, 82)"
12,"(466, 639)","(110, 3)","(4, 80)"
13,"(1065, 715)","(90, 0)","(704, 76)"
14,"(750, 745)","(253, 0)","(0, 30)"
15,"(577, 767)","(149, 0)","(10, 22)"
16,"(456, 803)","(103, 0)","(0, 36)"
17,"(1170, 930)","(2, 1)","(716, 128)"
18,"(876, 955)","(241, 1)","(10, 26)"
19,"(684, 1062)","(173, 1)","(20, 108)"
20,"(1591, 1094)","(27, 0)","(934, 32)"
21,"(1159, 1192)","(363, 0)","(18, 98)"
2,"(86, 300)","(13, 0)","(0, 0)"
3,"(75, 300)","(10, 0)","(0, 0)"
4,"(65, 300)","(8, 0)","(0, 0)"
5,"(168, 320)","(8, 0)","(112, 20)"
6,"(144, 330)","(22, 0)","(0, 10)"
7,"(124, 372)","(17, 0)","(0, 42)"
8,"(348, 390)","(0, 0)","(224, 18)"
9,"(275, 406)","(59, 0)","(0, 16)"
10,"(218, 460)","(46, 0)","(0, 54)"
11,"(590, 536)","(0, 0)","(372, 76)"
12,"(450, 576)","(123, 4)","(10, 46)"
13,"(347, 606)","(87, 0)","(0, 30)"
14,"(868, 684)","(3, 0)","(524, 78)"
15,"(657, 741)","(182, 3)","(16, 60)"
16,"(1418, 810)","(122, 3)","(912, 72)"
17,"(978, 850)","(351, 0)","(0, 40)"
18,"(729, 926)","(212, 0)","(12, 76)"
19,"(1819, 1028)","(4, 0)","(1094, 102)"
20,"(1272, 1070)","(453, 0)","(26, 42)"
21,"(985, 1192)","(291, 0)","(80, 122)"
2,"(87, 300)","(11, 0)","(0, 0)"
2,"(87, 300)","(12, 0)","(0, 0)"
2,"(91, 300)","(9, 0)","(0, 0)"
2,"(85, 300)","(12, 0)","(0, 0)"
3,"(64, 300)","(15, 0)","(0, 0)"
4,"(56, 300)","(7, 0)","(0, 0)"
5,"(51, 300)","(5, 0)","(0, 0)"
6,"(149, 306)","(0, 0)","(98, 6)"
7,"(123, 318)","(22, 0)","(0, 12)"
8,"(106, 368)","(16, 0)","(0, 50)"
9,"(290, 402)","(0, 0)","(184, 34)"
10,"(228, 424)","(50, 0)","(0, 22)"
11,"(197, 504)","(31, 0)","(4, 80)"
12,"(506, 583)","(1, 1)","(310, 80)"
13,"(381, 595)","(98, 0)","(2, 12)"
14,"(323, 669)","(63, 0)","(18, 74)"
15,"(784, 785)","(6, 0)","(468, 116)"
16,"(601, 842)","(163, 1)","(10, 58)"
17,"(499, 925)","(117, 1)","(42, 84)"
18,"(1152, 1017)","(16, 0)","(674, 92)"
19,"(913, 1109)","(229, 0)","(50, 92)"
20,"(1881, 1281)","(172, 0)","(1178, 172)"
21,"(1362, 1361)","(434, 0)","(34, 80)"
2,"(86, 300)","(10, 0)","(0, 0)"
3,"(73, 300)","(11, 0)","(0, 0)"
4,"(210, 340)","(3, 0)","(140, 40)"
5,"(168, 374)","(36, 0)","(0, 34)"
6,"(145, 376)","(22, 0)","(0, 2)"
7,"(413, 420)","(0, 0)","(268, 44)"
8,"(312, 462)","(80, 0)","(0, 42)"
9,"(721, 522)","(59, 0)","(478, 60)"
10,"(507, 546)","(166, 0)","(0, 24)"
11,"(388, 606)","(98, 0)","(0, 60)"
12,"(1018, 699)","(0, 3)","(630, 96)"
13,"(710, 709)","(247, 0)","(0, 10)"
14,"(536, 739)","(140, 0)","(0, 30)"
15,"(1204, 803)","(100, 0)","(786, 64)"
16,"(859, 889)","(268, 0)","(2, 86)"
17,"(1906, 1018)","(179, 1)","(1268, 130)"
18,"(1319, 1084)","(467, 0)","(6, 66)"
19,"(955, 1149)","(288, 1)","(0, 66)"
20,"(2399, 1229)","(2, 2)","(1446, 82)"
21,"(1617, 1261)","(610, 2)","(2, 34)"
2,"(87, 300)","(11, 0)","(0, 0)"
3,"(74, 300)","(12, 0)","(0, 0)"
4,"(198, 338)","(7, 0)","(132, 38)"
5,"(166, 396)","(28, 0)","(0, 58)"
6,"(138, 396)","(26, 0)","(0, 0)"
7,"(382, 414)","(0, 0)","(244, 18)"
8,"(297, 448)","(70, 0)","(0, 34)"
9,"(694, 520)","(49, 0)","(456, 72)"
10,"(496, 536)","(157, 0)","(0, 16)"
11,"(386, 598)","(93, 0)","(8, 62)"
12,"(972, 629)","(4, 3)","(590, 34)"
13,"(686, 657)","(226, 0)","(0, 28)"
14,"(497, 695)","(151, 0)","(0, 38)"
15,"(1127, 747)","(81, 0)","(732, 52)"
2,"(161, 300)","(34, 0)","(0, 0)"
3,"(131, 300)","(24, 0)","(0, 0)"
4,"(108, 300)","(19, 0)","(0, 0)"
5,"(92, 300)","(15, 0)","(0, 0)"
6,"(260, 312)","(0, 0)","(168, 12)"
7,"(200, 316)","(51, 0)","(0, 4)"
8,"(165, 316)","(30, 0)","(0, 0)"
9,"(133, 328)","(24, 0)","(0, 12)"
10,"(322, 346)","(21, 0)","(212, 18)"
11,"(247, 382)","(59, 0)","(0, 36)"
12,"(207, 420)","(38, 4)","(4, 42)"
13,"(539, 472)","(1, 2)","(334, 54)"
14,"(412, 516)","(105, 0)","(4, 44)"
15,"(313, 547)","(80, 1)","(0, 32)"
16,"(780, 592)","(3, 1)","(470, 46)"
17,"(560, 600)","(178, 0)","(0, 8)"
18,"(423, 604)","(114, 0)","(0, 4)"
19,"(345, 612)","(66, 0)","(2, 8)"
20,"(302, 622)","(43, 0)","(4, 10)"
21,"(755, 699)","(5, 1)","(458, 78)"
2,"(160, 300)","(36, 0)","(0, 0)"
3,"(135, 300)","(23, 0)","(0, 0)"
4,"(108, 300)","(22, 0)","(0, 0)"
5,"(92, 300)","(14, 0)","(0, 0)"
6,"(92, 300)","(0, 0)","(0, 0)"
7,"(240, 300)","(2, 0)","(150, 0)"
8,"(191, 302)","(39, 0)","(0, 2)"
9,"(150, 302)","(35, 0)","(0, 0)"
10,"(125, 314)","(21, 0)","(0, 12)"
11,"(312, 334)","(15, 0)","(204, 20)"
12,"(230, 339)","(65, 3)","(0, 8)"
13,"(184, 343)","(39, 2)","(0, 6)"
14,"(152, 361)","(31, 2)","(4, 20)"
15,"(131, 360)","(17, 1)","(0, 0)"
16,"(131, 366)","(0, 0)","(0, 6)"
17,"(303, 367)","(3, 1)","(176, 2)"
18,"(247, 371)","(55, 0)","(6, 4)"
19,"(205, 440)","(38, 1)","(4, 70)"
20,"(491, 447)","(4, 3)","(290, 10)"
21,"(369, 460)","(102, 1)","(6, 14)"
2,"(89, 300)","(11, 0)","(0, 0)"
3,"(82, 300)","(7, 0)","(0, 0)"
4,"(72, 300)","(8, 0)","(0, 0)"
5,"(202, 342)","(0, 0)","(130, 42)"
6,"(161, 374)","(33, 0)","(0, 32)"
7,"(142, 392)","(17, 0)","(0, 18)"
8,"(381, 422)","(1, 0)","(240, 30)"
9,"(289, 442)","(70, 0)","(0, 20)"
10,"(234, 464)","(46, 0)","(0, 22)"
11,"(564, 540)","(33, 0)","(370, 76)"
12,"(429, 565)","(109, 1)","(2, 26)"
13,"(339, 575)","(73, 0)","(0, 10)"
2,"(83, 300)","(15, 0)","(0, 0)"
3,"(73, 300)","(9, 0)","(0, 0)"
4,"(66, 300)","(7, 0)","(0, 0)"
5,"(184, 316)","(4, 0)","(122, 16)"
6,"(151, 326)","(30, 0)","(2, 10)"
7,"(131, 352)","(18, 0)","(0, 26)"
8,"(114, 376)","(16, 0)","(0, 24)"
9,"(309, 424)","(1, 0)","(196, 48)"
10,"(244, 498)","(55, 0)","(0, 74)"
11,"(588, 588)","(34, 0)","(384, 90)"
12,"(448, 644)","(116, 4)","(0, 60)"
13,"(1099, 746)","(65, 0)","(732, 102)"
14,"(774, 768)","(253, 0)","(0, 22)"
15,"(571, 826)","(169, 0)","(0, 58)"
16,"(584, 864)","(1, 0)","(14, 38)"
17,"(1285, 957)","(25, 1)","(726, 94)"
18,"(922, 1011)","(286, 0)","(0, 54)"
19,"(724, 1057)","(181, 0)","(24, 46)"
20,"(1633, 1207)","(25, 0)","(936, 150)"
21,"(1331, 1353)","(359, 0)","(150, 146)"
2,"(161, 300)","(33, 0)","(0, 0)"
3,"(133, 300)","(22, 0)","(0, 0)"
4,"(109, 300)","(18, 0)","(0, 0)"
2,"(156, 300)","(37, 0)","(0, 0)"
3,"(135, 300)","(20, 0)","(0, 0)"
4,"(115, 300)","(19, 0)","(0, 0)"
5,"(325, 308)","(0, 0)","(210, 8)"
6,"(240, 320)","(70, 0)","(0, 12)"
7,"(188, 324)","(46, 0)","(0, 4)"
8,"(286, 634)","(29, 0)","(0, 6)"
9,"(450, 644)","(60, 0)","(0, 4)"
10,"(357, 690)","(24, 0)","(192, 10)"
11,"(500, 705)","(77, 0)","(0, 46)"
12,"(735, 719)","(34, 9)","(184, 24)"
13,"(557, 739)","(60, 0)","(302, 14)"
14,"(446, 751)","(147, 0)","(2, 20)"
15,"(581, 796)","(98, 0)","(0, 12)"
16,"(866, 829)","(68, 1)","(214, 46)"
17,"(648, 871)","(172, 0)","(2, 42)"
18,"(822, 972)","(70, 1)","(370, 34)"
19,"(1212, 1064)","(88, 0)","(496, 92)"
20,"(900, 1113)","(114, 11)","(306, 112)"
21,"(1214, 1141)","(107, 4)","(446, 32)"
22,"(1214, 1141)","(251, 3)","(0, 52)"
2,"(87, 300)","(12, 0)","(0, 0)"
3,"(80, 300)","(6, 0)","(0, 0)"
2,"(164, 300)","(30, 0)","(0, 0)"
3,"(133, 300)","(26, 0)","(0, 0)"
4,"(118, 300)","(14, 0)","(0, 0)"
5,"(324, 304)","(0, 0)","(206, 4)"
6,"(239, 320)","(67, 0)","(0, 16)"
7,"(186, 346)","(45, 0)","(0, 26)"
8,"(481, 398)","(3, 0)","(298, 52)"
9,"(352, 416)","(103, 0)","(2, 18)"
10,"(792, 454)","(64, 0)","(514, 38)"
11,"(539, 492)","(200, 0)","(2, 38)"
12,"(399, 483)","(110, 10)","(0, 2)"
13,"(948, 537)","(69, 0)","(630, 54)"
14,"(654, 583)","(224, 0)","(0, 46)"
15,"(1429, 623)","(135, 0)","(950, 40)"
16,"(952, 636)","(351, 1)","(0, 14)"
17,"(670, 648)","(224, 0)","(2, 12)"
18,"(1484, 700)","(130, 0)","(980, 52)"
19,"(1000, 732)","(366, 2)","(0, 34)"
20,"(708, 759)","(231, 1)","(0, 28)"
21,"(1598, 796)","(137, 3)","(1056, 40)"
2,"(89, 300)","(10, 0)","(0, 0)"
3,"(75, 300)","(11, 0)","(0, 0)"
4,"(66, 300)","(7, 0)","(0, 0)"
5,"(182, 336)","(0, 0)","(116, 36)"
6,"(142, 352)","(33, 0)","(0, 16)"
7,"(123, 382)","(17, 0)","(0, 30)"
8,"(318, 426)","(1, 0)","(196, 44)"
9,"(257, 446)","(52, 0)","(0, 20)"
10,"(207, 464)","(44, 0)","(0, 18)"
11,"(170, 494)","(33, 0)","(0, 30)"
12,"(421, 585)","(20, 1)","(274, 92)"
13,"(333, 605)","(75, 0)","(0, 20)"
14,"(268, 657)","(56, 0)","(0, 52)"
15,"(674, 757)","(36, 0)","(448, 100)"
16,"(516, 846)","(133, 1)","(0, 90)"
17,"(460, 978)","(73, 0)","(32, 132)"
18,"(1145, 1022)","(5, 0)","(690, 44)"
19,"(858, 1116)","(224, 0)","(0, 94)"
20,"(727, 1226)","(151, 0)","(50, 110)"
21,"(1715, 1346)","(20, 2)","(1012, 122)"
2,"(86, 300)","(12, 0)","(0, 0)"
3,"(74, 300)","(12, 0)","(0, 0)"
4,"(69, 300)","(5, 0)","(0, 0)"
5,"(197, 310)","(0, 0)","(128, 10)"
6,"(163, 348)","(27, 0)","(0, 38)"
7,"(407, 412)","(18, 0)","(266, 64)"
8,"(315, 454)","(83, 0)","(6, 42)"
9,"(252, 474)","(55, 0)","(2, 20)"
10,"(248, 488)","(4, 0)","(0, 14)"
11,"(580, 526)","(7, 0)","(340, 38)"
12,"(431, 563)","(121, 5)","(2, 42)"
13,"(928, 615)","(73, 0)","(584, 52)"
14,"(662, 643)","(212, 0)","(10, 28)"
15,"(493, 667)","(134, 0)","(2, 24)"
16,"(1145, 742)","(86, 1)","(754, 76)"
17,"(835, 810)","(258, 0)","(16, 68)"
18,"(677, 866)","(175, 0)","(58, 56)"
19,"(1534, 897)","(27, 1)","(886, 32)"
20,"(1079, 911)","(362, 0)","(22, 14)"
21,"(821, 989)","(231, 0)","(38, 78)"
2,"(161, 300)","(32, 0)","(0, 0)"
3,"(133, 300)","(25, 0)","(0, 0)"
4,"(117, 300)","(15, 0)","(0, 0)"
5,"(317, 336)","(0, 0)","(200, 36)"
6,"(237, 354)","(64, 0)","(0, 18)"
7,"(189, 372)","(40, 0)","(0, 18)"
8,"(487, 394)","(2, 0)","(300, 22)"
9,"(354, 434)","(106, 0)","(0, 40)"
10,"(762, 478)","(71, 0)","(492, 44)"
11,"(539, 508)","(184, 0)","(8, 30)"
12,"(425, 525)","(111, 6)","(16, 24)"
13,"(336, 537)","(75, 0)","(4, 12)"
14,"(817, 573)","(5, 0)","(486, 36)"
15,"(615, 615)","(180, 0)","(28, 42)"
16,"(468, 629)","(124, 2)","(4, 16)"
17,"(1057, 659)","(13, 0)","(602, 30)"
18,"(728, 679)","(258, 0)","(0, 20)"
19,"(615, 723)","(153, 2)","(76, 46)"
20,"(1280, 793)","(34, 0)","(708, 70)"
21,"(956, 859)","(310, 0)","(68, 66)"
2,"(87, 300)","(11, 0)","(0, 0)"
3,"(81, 300)","(6, 0)","(0, 0)"
4,"(223, 344)","(0, 0)","(142, 44)"
5,"(175, 360)","(43, 0)","(2, 16)"
6,"(143, 384)","(29, 0)","(0, 24)"
7,"(123, 402)","(17, 0)","(0, 18)"
8,"(331, 446)","(2, 0)","(210, 44)"
9,"(263, 478)","(57, 0)","(0, 32)"
10,"(228, 492)","(42, 0)","(12, 14)"
11,"(510, 540)","(34, 0)","(320, 48)"
12,"(389, 601)","(105, 1)","(4, 62)"
13,"(341, 691)","(63, 0)","(30, 90)"
14,"(806, 741)","(7, 0)","(472, 50)"
15,"(616, 813)","(158, 0)","(4, 72)"
16,"(1415, 894)","(93, 3)","(912, 84)"
17,"(1003, 950)","(327, 0)","(16, 56)"
18,"(744, 975)","(207, 1)","(2, 26)"
19,"(654, 1036)","(127, 1)","(58, 62)"
20,"(1527, 1156)","(24, 0)","(900, 120)"
21,"(1100, 1190)","(335, 0)","(0, 34)"
2,"(88, 300)","(11, 0)","(0, 0)"
3,"(78, 300)","(8, 0)","(0, 0)"
4,"(73, 300)","(5, 0)","(0, 0)"
5,"(62, 300)","(11, 0)","(0, 0)"
6,"(178, 314)","(0, 0)","(116, 14)"
7,"(151, 328)","(23, 0)","(0, 14)"
8,"(132, 354)","(16, 0)","(0, 26)"
9,"(350, 378)","(0, 0)","(218, 24)"
10,"(271, 400)","(67, 0)","(0, 22)"
11,"(215, 438)","(46, 0)","(0, 38)"
12,"(218, 465)","(3, 3)","(6, 30)"
13,"(489, 513)","(9, 0)","(280, 48)"
14,"(373, 539)","(97, 0)","(0, 26)"
15,"(340, 564)","(55, 1)","(30, 26)"
16,"(747, 590)","(11, 0)","(418, 26)"
17,"(545, 596)","(168, 4)","(4, 10)"
18,"(410, 631)","(116, 1)","(0, 36)"
19,"(928, 729)","(63, 0)","(594, 98)"
20,"(682, 809)","(205, 0)","(10, 80)"
21,"(581, 846)","(133, 1)","(58, 38)"
2,"(89, 300)","(10, 0)","(0, 0)"
3,"(77, 300)","(12, 0)","(0, 0)"
4,"(69, 300)","(7, 0)","(0, 0)"
5,"(195, 310)","(0, 0)","(126, 10)"
6,"(157, 318)","(32, 0)","(2, 8)"
7,"(129, 342)","(23, 0)","(0, 24)"
8,"(334, 376)","(1, 0)","(206, 34)"
9,"(265, 408)","(64, 0)","(10, 32)"
10,"(210, 440)","(48, 0)","(0, 32)"
11,"(537, 494)","(5, 0)","(332, 54)"
12,"(418, 510)","(107, 2)","(10, 18)"
13,"(337, 578)","(83, 0)","(14, 68)"
14,"(798, 600)","(9, 0)","(470, 22)"
15,"(601, 627)","(184, 1)","(20, 28)"
16,"(451, 663)","(130, 0)","(6, 36)"
17,"(970, 694)","(80, 1)","(614, 32)"
18,"(712, 733)","(229, 1)","(20, 40)"
19,"(1539, 852)","(142, 1)","(1004, 120)"
20,"(1077, 910)","(381, 0)","(30, 58)"
21,"(815, 1000)","(216, 0)","(16, 90)"
2,"(89, 300)","(11, 0)","(0, 0)"
3,"(82, 300)","(7, 0)","(0, 0)"
4,"(230, 344)","(0, 0)","(148, 44)"
5,"(187, 376)","(36, 0)","(2, 32)"
6,"(158, 416)","(28, 0)","(0, 40)"
7,"(417, 484)","(1, 0)","(260, 68)"
8,"(327, 562)","(86, 0)","(14, 78)"
9,"(733, 602)","(57, 0)","(470, 40)"
10,"(544, 664)","(166, 0)","(20, 62)"
11,"(1212, 722)","(100, 0)","(794, 58)"
12,"(840, 772)","(291, 2)","(0, 52)"
13,"(649, 818)","(165, 0)","(18, 46)"
14,"(1597, 854)","(12, 0)","(962, 36)"
15,"(1098, 890)","(397, 0)","(2, 36)"
16,"(805, 948)","(246, 0)","(14, 58)"
17,"(1666, 1060)","(150, 0)","(1050, 112)"
18,"(1174, 1132)","(396, 0)","(6, 72)"
19,"(2600, 1275)","(235, 1)","(1714, 144)"
20,"(1773, 1363)","(636, 2)","(14, 90)"
21,"(1401, 1427)","(392, 4)","(112, 68)"
2,"(90, 300)","(10, 0)","(0, 0)"
3,"(76, 300)","(13, 0)","(0, 0)"
4,"(70, 300)","(6, 0)","(0, 0)"
5,"(194, 312)","(0, 0)","(124, 12)"
6,"(154, 340)","(33, 0)","(0, 28)"
7,"(128, 384)","(24, 0)","(0, 44)"
8,"(350, 458)","(0, 0)","(222, 74)"
9,"(273, 466)","(65, 0)","(0, 8)"
10,"(222, 494)","(46, 0)","(4, 28)"
11,"(536, 562)","(34, 0)","(350, 68)"
12,"(416, 582)","(98, 4)","(0, 24)"
13,"(337, 602)","(67, 0)","(0, 20)"
14,"(290, 656)","(50, 0)","(10, 54)"
15,"(731, 738)","(3, 0)","(444, 82)"
16,"(557, 801)","(140, 1)","(0, 64)"
17,"(456, 848)","(107, 1)","(24, 48)"
18,"(1094, 982)","(9, 0)","(648, 134)"
19,"(815, 1056)","(230, 0)","(2, 74)"
20,"(678, 1086)","(150, 0)","(38, 30)"
21,"(1459, 1222)","(116, 0)","(918, 136)"
2,"(89, 300)","(10, 0)","(0, 0)"
3,"(82, 300)","(6, 0)","(0, 0)"
4,"(75, 300)","(7, 0)","(0, 0)"
5,"(205, 314)","(0, 0)","(130, 14)"
6,"(168, 340)","(29, 0)","(0, 26)"
7,"(136, 362)","(29, 0)","(0, 22)"
8,"(320, 408)","(23, 0)","(210, 46)"
9,"(252, 416)","(56, 0)","(0, 8)"
10,"(201, 424)","(41, 0)","(0, 8)"
11,"(175, 472)","(27, 0)","(6, 48)"
12,"(455, 494)","(2, 2)","(282, 24)"
13,"(348, 556)","(85, 0)","(0, 62)"
14,"(290, 588)","(55, 0)","(8, 32)"
15,"(719, 622)","(5, 0)","(434, 34)"
16,"(526, 664)","(155, 2)","(0, 44)"
17,"(443, 706)","(95, 0)","(28, 42)"
18,"(432, 721)","(11, 1)","(0, 16)"
19,"(883, 760)","(33, 1)","(484, 40)"
20,"(658, 798)","(179, 0)","(0, 38)"
21,"(571, 869)","(117, 1)","(54, 72)"
2,"(88, 300)","(10, 0)","(0, 0)"
3,"(80, 300)","(8, 0)","(0, 0)"
4,"(222, 334)","(0, 0)","(142, 34)"
5,"(174, 392)","(41, 0)","(0, 58)"
6,"(146, 392)","(24, 0)","(0, 0)"
7,"(128, 404)","(15, 0)","(0, 12)"
8,"(346, 440)","(0, 0)","(218, 36)"
9,"(277, 456)","(58, 0)","(0, 16)"
10,"(220, 474)","(46, 0)","(0, 18)"
11,"(196, 502)","(28, 0)","(8, 28)"
12,"(497, 576)","(1, 0)","(302, 74)"
13,"(385, 630)","(89, 0)","(0, 54)"
14,"(319, 694)","(66, 0)","(12, 64)"
15,"(758, 744)","(7, 0)","(446, 50)"
16,"(580, 832)","(148, 2)","(4, 90)"
17,"(1332, 974)","(96, 0)","(862, 142)"
18,"(968, 1024)","(299, 0)","(4, 50)"
19,"(787, 1098)","(169, 0)","(32, 74)"
20,"(1910, 1161)","(13, 1)","(1136, 64)"
21,"(1335, 1262)","(458, 1)","(8, 102)"
2,"(91, 300)","(9, 0)","(0, 0)"
3,"(82, 300)","(7, 0)","(0, 0)"
4,"(74, 300)","(7, 0)","(0, 0)"
5,"(69, 300)","(5, 0)","(0, 0)"
6,"(193, 310)","(0, 0)","(124, 10)"
7,"(157, 356)","(32, 0)","(2, 46)"
8,"(391, 406)","(18, 0)","(256, 50)"
9,"(300, 422)","(74, 0)","(0, 16)"
10,"(246, 440)","(47, 0)","(4, 18)"
11,"(214, 444)","(32, 0)","(6, 4)"
12,"(561, 513)","(3, 3)","(350, 72)"
13,"(419, 551)","(118, 0)","(4, 38)"
14,"(325, 607)","(84, 0)","(4, 56)"
15,"(792, 653)","(5, 0)","(472, 46)"
16,"(586, 749)","(173, 2)","(10, 98)"
17,"(1283, 845)","(108, 2)","(822, 98)"
18,"(910, 906)","(308, 1)","(14, 62)"
19,"(682, 936)","(192, 0)","(8, 30)"
20,"(1703, 972)","(5, 0)","(1028, 36)"
21,"(1207, 1040)","(410, 0)","(18, 68)"
2,"(86, 300)","(12, 0)","(0, 0)"
3,"(75, 300)","(10, 0)","(0, 0)"
4,"(68, 300)","(7, 0)","(0, 0)"
5,"(62, 300)","(6, 0)","(0, 0)"
6,"(174, 310)","(0, 0)","(112, 10)"
7,"(142, 328)","(26, 0)","(0, 18)"
8,"(119, 342)","(20, 0)","(0, 14)"
9,"(106, 362)","(11, 0)","(0, 20)"
10,"(292, 430)","(0, 0)","(186, 68)"
11,"(245, 476)","(45, 0)","(8, 46)"
12,"(203, 487)","(36, 5)","(0, 16)"
13,"(520, 531)","(3, 0)","(320, 44)"
14,"(386, 549)","(107, 0)","(0, 18)"
15,"(321, 605)","(62, 0)","(10, 56)"
16,"(789, 636)","(8, 1)","(476, 32)"
17,"(581, 684)","(161, 0)","(0, 48)"
18,"(481, 760)","(109, 0)","(32, 76)"
19,"(462, 776)","(18, 0)","(0, 16)"
20,"(985, 862)","(16, 0)","(540, 86)"
21,"(763, 913)","(206, 1)","(36, 52)"
2,"(87, 300)","(11, 0)","(0, 0)"
3,"(79, 300)","(7, 0)","(0, 0)"
4,"(214, 336)","(7, 0)","(142, 36)"
5,"(170, 352)","(37, 0)","(0, 16)"
6,"(141, 396)","(24, 0)","(0, 44)"
7,"(381, 420)","(0, 0)","(240, 24)"
8,"(292, 434)","(68, 0)","(0, 14)"
9,"(240, 492)","(46, 0)","(0, 58)"
10,"(621, 560)","(5, 0)","(386, 68)"
11,"(479, 622)","(128, 0)","(16, 62)"
12,"(1040, 716)","(89, 3)","(668, 98)"
13,"(768, 772)","(239, 0)","(30, 56)"
14,"(609, 802)","(147, 0)","(18, 30)"
15,"(1442, 842)","(8, 0)","(842, 40)"
16,"(979, 858)","(353, 0)","(2, 16)"
17,"(746, 905)","(213, 1)","(34, 48)"
18,"(594, 933)","(138, 0)","(16, 28)"
19,"(1317, 1048)","(17, 1)","(742, 116)"
20,"(1008, 1109)","(276, 1)","(46, 62)"
21,"(2041, 1261)","(198, 2)","(1276, 154)"
2,"(87, 300)","(11, 0)","(0, 0)"
3,"(78, 300)","(8, 0)","(0, 0)"
4,"(70, 300)","(8, 0)","(0, 0)"
5,"(196, 310)","(0, 0)","(126, 10)"
6,"(157, 312)","(32, 0)","(0, 2)"
7,"(132, 346)","(21, 0)","(0, 34)"
8,"(343, 404)","(1, 0)","(212, 58)"
9,"(266, 450)","(63, 0)","(2, 46)"
10,"(228, 460)","(33, 0)","(4, 10)"
11,"(542, 484)","(32, 0)","(348, 24)"
12,"(406, 550)","(113, 4)","(4, 70)"
13,"(329, 582)","(71, 0)","(10, 32)"
14,"(816, 668)","(4, 0)","(492, 86)"
15,"(617, 763)","(181, 1)","(24, 96)"
16,"(492, 781)","(114, 0)","(12, 18)"
17,"(1128, 874)","(20, 1)","(656, 94)"
18,"(884, 997)","(244, 1)","(68, 124)"
19,"(1919, 1051)","(40, 0)","(1078, 54)"
20,"(1317, 1079)","(473, 0)","(0, 28)"
21,"(1007, 1113)","(281, 0)","(40, 34)"
2,"(88, 300)","(10, 0)","(0, 0)"
3,"(80, 300)","(7, 0)","(0, 0)"
4,"(75, 300)","(5, 0)","(0, 0)"
5,"(70, 300)","(5, 0)","(0, 0)"
6,"(200, 342)","(0, 0)","(130, 42)"
7,"(163, 358)","(31, 0)","(0, 16)"
8,"(144, 370)","(19, 0)","(0, 12)"
9,"(369, 424)","(18, 0)","(244, 54)"
10,"(276, 434)","(73, 0)","(0, 10)"
11,"(224, 502)","(45, 0)","(2, 68)"
12,"(605, 532)","(1, 0)","(382, 30)"
13,"(451, 554)","(123, 0)","(0, 22)"
14,"(346, 580)","(87, 0)","(0, 26)"
15,"(289, 611)","(52, 3)","(4, 34)"
16,"(741, 632)","(2, 1)","(454, 22)"
17,"(551, 691)","(160, 1)","(2, 60)"
18,"(424, 723)","(104, 0)","(0, 32)"
19,"(1087, 789)","(3, 0)","(666, 66)"
20,"(788, 855)","(236, 0)","(4, 66)"
21,"(1724, 947)","(150, 0)","(1120, 92)"
2,"(90, 300)","(10, 0)","(0, 0)"
3,"(76, 300)","(12, 0)","(0, 0)"
4,"(68, 300)","(8, 0)","(0, 0)"
5,"(192, 310)","(0, 0)","(124, 10)"
6,"(153, 364)","(33, 0)","(0, 54)"
7,"(365, 410)","(26, 0)","(240, 46)"
8,"(285, 428)","(61, 0)","(0, 18)"
9,"(222, 442)","(55, 0)","(0, 14)"
10,"(188, 458)","(28, 0)","(0, 16)"
11,"(485, 506)","(24, 0)","(322, 48)"
12,"(365, 517)","(100, 5)","(2, 16)"
13,"(303, 573)","(53, 0)","(0, 56)"
14,"(734, 617)","(53, 0)","(488, 44)"
15,"(554, 669)","(146, 0)","(4, 52)"
16,"(1236, 811)","(115, 0)","(818, 142)"
17,"(881, 829)","(284, 0)","(0, 18)"
18,"(651, 841)","(193, 0)","(6, 12)"
19,"(509, 887)","(124, 0)","(2, 46)"
20,"(1303, 932)","(6, 1)","(800, 46)"
21,"(951, 972)","(291, 0)","(8, 40)"
2,"(83, 300)","(16, 0)","(0, 0)"
3,"(76, 300)","(6, 0)","(0, 0)"
4,"(207, 340)","(7, 0)","(138, 40)"
5,"(168, 350)","(35, 0)","(0, 10)"
6,"(145, 370)","(21, 0)","(0, 20)"
7,"(388, 400)","(1, 0)","(244, 30)"
8,"(296, 434)","(75, 0)","(0, 34)"
9,"(227, 460)","(58, 0)","(0, 26)"
10,"(523, 552)","(37, 0)","(342, 92)"
11,"(393, 598)","(108, 0)","(0, 46)"
12,"(308, 632)","(73, 2)","(0, 36)"
13,"(792, 720)","(33, 0)","(526, 88)"
14,"(572, 818)","(185, 0)","(4, 98)"
15,"(1355, 951)","(100, 1)","(900, 134)"
16,"(977, 1068)","(303, 1)","(6, 118)"
17,"(2229, 1186)","(190, 0)","(1480, 118)"
18,"(1514, 1298)","(567, 0)","(10, 112)"
19,"(1137, 1394)","(323, 0)","(44, 96)"
20,"(2735, 1476)","(20, 0)","(1622, 82)"
21,"(1886, 1584)","(672, 0)","(16, 108)"
2,"(89, 300)","(8, 0)","(0, 0)"
3,"(77, 300)","(11, 0)","(0, 0)"
4,"(219, 334)","(0, 0)","(142, 34)"
5,"(176, 386)","(36, 0)","(0, 52)"
6,"(149, 386)","(23, 0)","(0, 0)"
7,"(398, 462)","(1, 0)","(250, 76)"
8,"(305, 494)","(76, 0)","(0, 32)"
9,"(253, 532)","(48, 0)","(2, 38)"
10,"(648, 590)","(5, 0)","(400, 58)"
11,"(488, 624)","(132, 0)","(2, 34)"
12,"(380, 637)","(89, 5)","(2, 18)"
13,"(319, 673)","(64, 0)","(10, 36)"
14,"(771, 711)","(4, 0)","(456, 38)"
15,"(580, 827)","(162, 0)","(10, 116)"
16,"(1306, 935)","(91, 0)","(836, 108)"
17,"(954, 1036)","(294, 1)","(18, 102)"
18,"(786, 1071)","(198, 1)","(68, 36)"
19,"(1814, 1191)","(21, 2)","(1052, 122)"
20,"(1342, 1298)","(431, 1)","(68, 108)"
21,"(2669, 1397)","(279, 1)","(1672, 100)"
2,"(84, 300)","(12, 0)","(0, 0)"
3,"(69, 300)","(14, 0)","(0, 0)"
4,"(192, 332)","(5, 0)","(128, 32)"
5,"(154, 394)","(34, 0)","(0, 62)"
6,"(399, 448)","(18, 0)","(266, 54)"
7,"(302, 458)","(79, 0)","(0, 10)"
8,"(244, 508)","(52, 0)","(0, 50)"
9,"(652, 568)","(0, 0)","(408, 60)"
10,"(479, 648)","(136, 0)","(0, 80)"
11,"(1068, 714)","(90, 0)","(696, 66)"
12,"(750, 753)","(250, 1)","(0, 40)"
13,"(563, 799)","(156, 0)","(0, 46)"
14,"(1347, 901)","(88, 0)","(894, 102)"
15,"(946, 937)","(322, 0)","(0, 36)"
16,"(710, 964)","(193, 1)","(0, 28)"
17,"(1691, 1054)","(119, 0)","(1124, 90)"
18,"(1172, 1144)","(406, 0)","(0, 90)"
19,"(865, 1209)","(252, 3)","(0, 68)"
20,"(2228, 1391)","(1, 0)","(1364, 182)"
21,"(1560, 1508)","(517, 1)","(0, 118)"
2,"(86, 300)","(13, 0)","(0, 0)"
3,"(74, 300)","(10, 0)","(0, 0)"
4,"(74, 300)","(0, 0)","(0, 0)"
5,"(183, 368)","(1, 0)","(110, 68)"
6,"(150, 418)","(27, 0)","(0, 50)"
7,"(368, 466)","(17, 0)","(238, 48)"
8,"(297, 510)","(58, 0)","(0, 44)"
9,"(256, 540)","(47, 0)","(12, 30)"
10,"(257, 566)","(3, 0)","(4, 26)"
11,"(568, 628)","(17, 0)","(330, 62)"
12,"(433, 655)","(111, 3)","(0, 30)"
13,"(367, 703)","(68, 0)","(14, 48)"
14,"(825, 781)","(54, 0)","(518, 78)"
15,"(603, 835)","(183, 0)","(0, 54)"
16,"(512, 877)","(94, 0)","(24, 42)"
17,"(1168, 975)","(78, 0)","(750, 98)"
18,"(870, 1029)","(241, 2)","(0, 56)"
19,"(708, 1048)","(154, 1)","(24, 20)"
20,"(603, 1137)","(112, 1)","(24, 90)"
21,"(1456, 1227)","(15, 2)","(870, 92)"
2,"(89, 300)","(10, 0)","(0, 0)"
3,"(74, 300)","(11, 0)","(0, 0)"
4,"(204, 332)","(5, 0)","(136, 32)"
5,"(162, 364)","(37, 0)","(0, 32)"
6,"(399, 438)","(25, 0)","(266, 74)"
7,"(305, 450)","(77, 0)","(0, 12)"
8,"(240, 502)","(57, 0)","(0, 52)"
9,"(637, 554)","(1, 0)","(398, 52)"
10,"(465, 612)","(135, 0)","(0, 58)"
11,"(368, 684)","(78, 0)","(0, 72)"
12,"(914, 715)","(8, 3)","(554, 34)"
13,"(652, 763)","(216, 0)","(2, 48)"
14,"(530, 819)","(118, 0)","(22, 56)"
15,"(1262, 893)","(16, 0)","(748, 74)"
16,"(893, 973)","(296, 0)","(4, 80)"
17,"(1962, 1069)","(166, 0)","(1270, 96)"
18,"(1345, 1151)","(472, 0)","(6, 82)"
19,"(972, 1180)","(307, 2)","(2, 32)"
20,"(851, 1207)","(172, 1)","(90, 28)"
21,"(1916, 1293)","(35, 0)","(1104, 86)"
2,"(89, 300)","(9, 0)","(0, 0)"
3,"(81, 300)","(8, 0)","(0, 0)"
4,"(216, 334)","(9, 0)","(144, 34)"
5,"(165, 352)","(43, 0)","(0, 18)"
6,"(142, 360)","(21, 0)","(0, 8)"
7,"(373, 412)","(16, 0)","(248, 52)"
8,"(287, 444)","(69, 0)","(0, 32)"
9,"(233, 460)","(48, 0)","(0, 16)"
10,"(582, 518)","(34, 0)","(386, 58)"
11,"(430, 532)","(116, 0)","(0, 14)"
12,"(337, 562)","(77, 6)","(0, 36)"
13,"(810, 646)","(55, 0)","(538, 84)"
14,"(586, 664)","(178, 0)","(0, 18)"
15,"(461, 750)","(105, 0)","(0, 86)"
16,"(1194, 784)","(1, 2)","(734, 36)"
17,"(839, 817)","(278, 1)","(2, 34)"
18,"(617, 922)","(183, 1)","(0, 106)"
19,"(1487, 1009)","(12, 1)","(882, 88)"
20,"(1065, 1057)","(339, 0)","(4, 48)"
21,"(2247, 1144)","(210, 1)","(1442, 88)"
2,"(88, 300)","(10, 0)","(0, 0)"
3,"(77, 300)","(8, 0)","(0, 0)"
4,"(67, 300)","(9, 0)","(0, 0)"
5,"(189, 312)","(0, 0)","(122, 12)"
6,"(155, 346)","(30, 0)","(0, 34)"
7,"(382, 376)","(21, 0)","(252, 30)"
8,"(282, 412)","(82, 0)","(0, 36)"
9,"(221, 436)","(55, 0)","(2, 24)"
10,"(526, 490)","(36, 0)","(348, 54)"
11,"(389, 550)","(109, 0)","(0, 60)"
12,"(308, 573)","(73, 1)","(4, 24)"
13,"(248, 607)","(50, 0)","(0, 34)"
14,"(649, 705)","(1, 0)","(402, 98)"
15,"(499, 735)","(124, 0)","(6, 30)"
16,"(397, 787)","(85, 0)","(0, 52)"
17,"(986, 905)","(4, 0)","(594, 118)"
18,"(754, 1039)","(197, 0)","(12, 134)"
19,"(626, 1074)","(129, 1)","(28, 36)"
20,"(1471, 1132)","(12, 0)","(858, 58)"
21,"(1064, 1165)","(328, 3)","(0, 36)"
2,"(89, 300)","(10, 0)","(0, 0)"
3,"(74, 300)","(13, 0)","(0, 0)"
4,"(63, 300)","(9, 0)","(0, 0)"
5,"(177, 320)","(4, 0)","(118, 20)"
6,"(138, 328)","(34, 0)","(0, 8)"
7,"(113, 334)","(19, 0)","(0, 6)"
8,"(294, 382)","(11, 0)","(196, 48)"
9,"(237, 404)","(48, 0)","(0, 22)"
10,"(189, 430)","(41, 0)","(0, 26)"
11,"(485, 490)","(25, 0)","(322, 60)"
12,"(367, 526)","(99, 0)","(0, 36)"
13,"(297, 606)","(60, 0)","(2, 80)"
14,"(772, 690)","(1, 0)","(476, 84)"
15,"(572, 772)","(168, 0)","(4, 82)"
16,"(1267, 904)","(101, 0)","(814, 132)"
17,"(906, 952)","(282, 0)","(0, 48)"
18,"(692, 976)","(175, 2)","(8, 26)"
19,"(1617, 1098)","(118, 2)","(1064, 124)"
20,"(1157, 1166)","(374, 0)","(16, 68)"
21,"(2552, 1316)","(236, 0)","(1682, 150)"
2,"(88, 300)","(11, 0)","(0, 0)"
3,"(77, 300)","(11, 0)","(0, 0)"
4,"(69, 300)","(8, 0)","(0, 0)"
5,"(191, 310)","(0, 0)","(122, 10)"
6,"(155, 360)","(28, 0)","(0, 50)"
7,"(373, 404)","(23, 0)","(244, 44)"
8,"(279, 426)","(77, 0)","(0, 22)"
9,"(226, 458)","(45, 0)","(0, 32)"
10,"(594, 536)","(0, 0)","(368, 78)"
11,"(438, 582)","(127, 0)","(0, 46)"
12,"(337, 634)","(83, 2)","(0, 54)"
13,"(854, 668)","(7, 0)","(524, 34)"
14,"(610, 698)","(188, 0)","(0, 30)"
15,"(470, 786)","(116, 0)","(0, 88)"
16,"(1187, 920)","(4, 0)","(722, 134)"
17,"(862, 976)","(263, 0)","(2, 56)"
18,"(1865, 1080)","(164, 0)","(1210, 104)"
19,"(1303, 1112)","(441, 0)","(0, 32)"
20,"(950, 1187)","(283, 1)","(6, 76)"
21,"(2411, 1288)","(9, 1)","(1470, 102)"
2,"(87, 300)","(11, 0)","(0, 0)"
3,"(78, 300)","(9, 0)","(0, 0)"
4,"(71, 300)","(7, 0)","(0, 0)"
5,"(65, 300)","(6, 0)","(0, 0)"
6,"(185, 328)","(0, 0)","(120, 28)"
7,"(150, 342)","(30, 0)","(0, 14)"
8,"(127, 348)","(18, 0)","(0, 6)"
9,"(106, 362)","(17, 0)","(0, 14)"
10,"(298, 418)","(0, 0)","(192, 56)"
11,"(232, 432)","(59, 0)","(0, 14)"
12,"(194, 487)","(33, 3)","(2, 58)"
13,"(193, 493)","(1, 0)","(0, 6)"
14,"(475, 577)","(4, 0)","(286, 84)"
15,"(380, 652)","(84, 1)","(8, 76)"
16,"(934, 720)","(12, 0)","(566, 68)"
17,"(675, 750)","(205, 0)","(0, 30)"
18,"(539, 830)","(127, 0)","(16, 80)"
19,"(1283, 865)","(8, 1)","(752, 36)"
20,"(895, 934)","(304, 1)","(4, 70)"
21,"(748, 1029)","(175, 1)","(68, 96)"
2,"(85, 300)","(13, 0)","(0, 0)"
3,"(73, 300)","(10, 0)","(0, 0)"
4,"(68, 300)","(5, 0)","(0, 0)"
5,"(188, 342)","(0, 0)","(120, 42)"
6,"(157, 364)","(24, 0)","(0, 22)"
7,"(136, 404)","(18, 0)","(0, 40)"
8,"(366, 456)","(0, 0)","(230, 52)"
9,"(283, 484)","(71, 0)","(0, 28)"
10,"(238, 562)","(44, 0)","(8, 78)"
11,"(598, 646)","(4, 0)","(364, 84)"
12,"(464, 694)","(112, 4)","(2, 52)"
13,"(1067, 776)","(78, 0)","(694, 82)"
14,"(784, 836)","(235, 0)","(6, 60)"
15,"(659, 926)","(152, 0)","(62, 90)"
16,"(1522, 998)","(20, 0)","(886, 72)"
17,"(1069, 1022)","(360, 2)","(10, 26)"
18,"(800, 1048)","(219, 0)","(0, 26)"
19,"(685, 1086)","(141, 0)","(52, 38)"
20,"(1540, 1192)","(17, 0)","(874, 106)"
21,"(1127, 1303)","(338, 1)","(18, 112)"
2,"(89, 300)","(9, 0)","(0, 0)"
3,"(78, 300)","(10, 0)","(0, 0)"
4,"(207, 334)","(9, 0)","(138, 34)"
5,"(164, 348)","(35, 0)","(0, 14)"
6,"(142, 354)","(17, 0)","(0, 6)"
7,"(384, 426)","(0, 0)","(242, 72)"
8,"(297, 466)","(70, 0)","(0, 40)"
9,"(240, 514)","(50, 0)","(0, 48)"
10,"(623, 600)","(1, 0)","(384, 86)"
11,"(471, 660)","(121, 0)","(2, 60)"
12,"(1060, 745)","(83, 3)","(690, 88)"
2,"(90, 300)","(10, 0)","(0, 0)"
3,"(82, 300)","(7, 0)","(0, 0)"
4,"(75, 300)","(7, 0)","(0, 0)"
5,"(75, 300)","(0, 0)","(0, 0)"
6,"(192, 324)","(1, 0)","(118, 24)"
7,"(159, 384)","(29, 0)","(0, 60)"
8,"(385, 442)","(19, 0)","(250, 58)"
9,"(297, 460)","(69, 0)","(0, 18)"
10,"(244, 470)","(45, 0)","(4, 10)"
11,"(596, 532)","(36, 0)","(392, 62)"
12,"(439, 558)","(128, 2)","(0, 28)"
13,"(359, 617)","(71, 1)","(16, 60)"
14,"(915, 679)","(5, 0)","(562, 62)"
2,"(87, 300)","(10, 0)","(0, 0)"
3,"(81, 300)","(6, 0)","(0, 0)"
4,"(225, 334)","(0, 0)","(144, 34)"
2,"(87, 300)","(11, 0)","(0, 0)"
3,"(77, 300)","(10, 0)","(0, 0)"
4,"(72, 300)","(5, 0)","(0, 0)"
5,"(206, 318)","(0, 0)","(134, 18)"
6,"(167, 340)","(29, 0)","(0, 22)"
7,"(135, 384)","(27, 0)","(0, 44)"
8,"(133, 390)","(2, 0)","(0, 6)"
9,"(334, 398)","(3, 0)","(204, 8)"
10,"(260, 466)","(65, 0)","(0, 68)"
11,"(223, 502)","(41, 0)","(8, 36)"
12,"(571, 521)","(4, 1)","(352, 20)"
13,"(433, 525)","(116, 0)","(0, 4)"
14,"(341, 543)","(75, 0)","(0, 18)"
15,"(804, 615)","(53, 0)","(524, 72)"
16,"(576, 659)","(180, 2)","(0, 46)"
17,"(486, 735)","(106, 0)","(38, 76)"
18,"(1154, 825)","(16, 2)","(686, 92)"
19,"(812, 871)","(268, 0)","(2, 46)"
20,"(672, 899)","(152, 0)","(44, 28)"
21,"(1394, 970)","(114, 1)","(860, 72)"
2,"(81, 300)","(19, 0)","(0, 0)"
3,"(71, 300)","(10, 0)","(0, 0)"
4,"(66, 300)","(5, 0)","(0, 0)"
5,"(181, 312)","(5, 0)","(120, 12)"
6,"(145, 348)","(36, 0)","(0, 36)"
7,"(124, 390)","(21, 0)","(0, 42)"
8,"(346, 410)","(0, 0)","(222, 20)"
9,"(264, 428)","(82, 0)","(0, 18)"
10,"(209, 490)","(55, 0)","(0, 62)"
11,"(542, 612)","(1, 0)","(334, 122)"
12,"(430, 648)","(122, 2)","(10, 38)"
13,"(949, 760)","(89, 0)","(608, 112)"
14,"(690, 790)","(259, 0)","(0, 30)"
15,"(543, 806)","(153, 2)","(6, 18)"
16,"(436, 829)","(107, 1)","(0, 24)"
17,"(1045, 943)","(81, 0)","(690, 114)"
18,"(771, 983)","(276, 0)","(2, 40)"
19,"(604, 1076)","(177, 1)","(10, 94)"
20,"(1558, 1199)","(4, 1)","(958, 124)"
21,"(1115, 1275)","(445, 2)","(2, 78)"
2,"(88, 300)","(12, 0)","(0, 0)"
3,"(80, 300)","(8, 0)","(0, 0)"
4,"(74, 300)","(6, 0)","(0, 0)"
5,"(67, 300)","(7, 0)","(0, 0)"
6,"(189, 306)","(0, 0)","(122, 6)"
7,"(162, 316)","(27, 0)","(0, 10)"
8,"(130, 374)","(32, 0)","(0, 58)"
9,"(351, 412)","(1, 0)","(222, 38)"
10,"(261, 472)","(90, 0)","(0, 60)"
11,"(622, 538)","(45, 0)","(406, 66)"
12,"(463, 556)","(159, 2)","(0, 20)"
13,"(371, 624)","(100, 0)","(8, 68)"
14,"(962, 710)","(3, 0)","(594, 86)"
15,"(685, 754)","(277, 0)","(0, 44)"
16,"(538, 808)","(161, 0)","(14, 54)"
17,"(1299, 854)","(11, 0)","(772, 46)"
18,"(904, 934)","(395, 0)","(0, 80)"
19,"(722, 1000)","(220, 0)","(38, 66)"
20,"(1667, 1072)","(21, 0)","(966, 72)"
21,"(1161, 1088)","(508, 0)","(2, 16)"
2,"(162, 300)","(38, 0)","(0, 0)"
3,"(131, 300)","(31, 0)","(0, 0)"
4,"(331, 326)","(20, 0)","(220, 26)"
5,"(252, 344)","(81, 0)","(2, 18)"
6,"(198, 374)","(54, 0)","(0, 30)"
7,"(482, 410)","(36, 0)","(320, 36)"
8,"(348, 446)","(136, 0)","(2, 36)"
9,"(822, 536)","(72, 0)","(546, 90)"
10,"(582, 598)","(246, 0)","(6, 62)"
11,"(1259, 684)","(159, 0)","(836, 86)"
12,"(857, 687)","(406, 9)","(4, 12)"
13,"(626, 709)","(231, 0)","(0, 22)"
14,"(1455, 829)","(141, 0)","(970, 120)"
15,"(985, 898)","(470, 5)","(0, 74)"
16,"(2199, 995)","(252, 1)","(1466, 98)"
17,"(1444, 1055)","(755, 4)","(0, 64)"
18,"(1034, 1076)","(410, 1)","(0, 22)"
19,"(2310, 1252)","(264, 6)","(1540, 182)"
20,"(1557, 1296)","(753, 6)","(0, 50)"
21,"(1128, 1338)","(429, 10)","(0, 52)"
2,"(157, 300)","(43, 0)","(0, 0)"
3,"(129, 300)","(28, 0)","(0, 0)"
4,"(333, 406)","(18, 0)","(222, 106)"
5,"(261, 416)","(72, 0)","(0, 10)"
6,"(645, 476)","(46, 0)","(430, 60)"
7,"(475, 504)","(170, 0)","(0, 28)"
8,"(1048, 592)","(125, 0)","(698, 88)"
9,"(704, 628)","(346, 0)","(2, 36)"
10,"(534, 646)","(170, 0)","(0, 18)"
11,"(1236, 678)","(120, 0)","(822, 32)"
12,"(844, 718)","(396, 8)","(4, 48)"
13,"(604, 746)","(240, 0)","(0, 28)"
14,"(1417, 784)","(129, 0)","(942, 38)"
15,"(973, 812)","(448, 2)","(4, 30)"
16,"(723, 852)","(250, 6)","(0, 46)"
17,"(1675, 885)","(162, 3)","(1114, 36)"
18,"(1135, 887)","(542, 6)","(2, 8)"
19,"(812, 955)","(329, 4)","(6, 72)"
20,"(1827, 976)","(197, 9)","(1212, 30)"
21,"(1247, 1021)","(590, 9)","(10, 54)"
2,"(163, 300)","(37, 0)","(0, 0)"
3,"(133, 300)","(30, 0)","(0, 0)"
4,"(336, 360)","(21, 0)","(224, 60)"
5,"(255, 382)","(81, 0)","(0, 22)"
6,"(591, 432)","(58, 0)","(394, 50)"
7,"(426, 464)","(165, 0)","(0, 32)"
8,"(308, 482)","(118, 0)","(0, 18)"
9,"(762, 532)","(54, 0)","(508, 50)"
10,"(531, 598)","(231, 0)","(0, 66)"
11,"(1206, 676)","(129, 0)","(804, 78)"
12,"(812, 730)","(394, 8)","(0, 62)"
13,"(1824, 808)","(204, 0)","(1216, 78)"
2,"(153, 300)","(47, 0)","(0, 0)"
3,"(126, 300)","(27, 0)","(0, 0)"
4,"(108, 300)","(18, 0)","(0, 0)"
5,"(273, 316)","(17, 0)","(182, 16)"
6,"(209, 342)","(64, 0)","(0, 26)"
7,"(498, 392)","(41, 0)","(330, 50)"
8,"(360, 412)","(142, 0)","(4, 20)"
9,"(278, 458)","(82, 0)","(0, 46)"
10,"(653, 494)","(59, 0)","(434, 36)"
11,"(468, 554)","(189, 0)","(4, 60)"
12,"(1066, 587)","(110, 7)","(708, 40)"
13,"(730, 655)","(342, 0)","(6, 68)"
14,"(1607, 707)","(189, 0)","(1066, 52)"
15,"(1055, 751)","(560, 0)","(8, 44)"
16,"(765, 778)","(294, 3)","(4, 30)"
17,"(1724, 874)","(187, 4)","(1146, 100)"
18,"(1158, 953)","(570, 9)","(4, 88)"
19,"(2509, 1036)","(317, 1)","(1668, 84)"
20,"(1625, 1050)","(892, 4)","(8, 18)"
21,"(1141, 1072)","(488, 8)","(4, 30)"
2,"(162, 300)","(38, 0)","(0, 0)"
3,"(137, 300)","(25, 0)","(0, 0)"
4,"(336, 318)","(25, 0)","(224, 18)"
5,"(244, 344)","(92, 0)","(0, 26)"
6,"(189, 394)","(55, 0)","(0, 50)"
7,"(459, 484)","(36, 0)","(306, 90)"
8,"(347, 540)","(112, 0)","(0, 56)"
9,"(845, 594)","(64, 0)","(562, 54)"
10,"(594, 680)","(255, 0)","(4, 86)"
11,"(1324, 736)","(148, 0)","(878, 56)"
12,"(925, 752)","(409, 6)","(10, 22)"
13,"(2005, 862)","(250, 0)","(1330, 110)"
14,"(1318, 944)","(699, 0)","(12, 82)"
15,"(2771, 994)","(385, 0)","(1838, 50)"
16,"(1744, 1021)","(1027, 3)","(0, 30)"
17,"(3598, 1086)","(544, 1)","(2398, 66)"
18,"(2209, 1139)","(1389, 5)","(0, 58)"
19,"(1495, 1147)","(728, 4)","(14, 12)"
20,"(3143, 1198)","(434, 13)","(2082, 64)"
21,"(2042, 1274)","(1121, 8)","(20, 84)"
2,"(166, 300)","(34, 0)","(0, 0)"
3,"(132, 300)","(34, 0)","(0, 0)"
4,"(339, 324)","(19, 0)","(226, 24)"
5,"(252, 346)","(87, 0)","(0, 22)"
6,"(199, 372)","(53, 0)","(0, 26)"
7,"(507, 452)","(30, 0)","(338, 80)"
8,"(373, 464)","(134, 0)","(0, 12)"
9,"(295, 494)","(78, 0)","(0, 30)"
10,"(732, 586)","(51, 0)","(488, 92)"
11,"(522, 644)","(210, 0)","(0, 58)"
12,"(1245, 757)","(107, 9)","(830, 122)"
13,"(861, 817)","(384, 0)","(0, 60)"
14,"(1929, 875)","(218, 0)","(1286, 58)"
15,"(1275, 887)","(654, 0)","(0, 12)"
16,"(2705, 1008)","(372, 3)","(1802, 124)"
17,"(1731, 1010)","(976, 10)","(2, 12)"
18,"(1179, 1123)","(552, 1)","(0, 114)"
19,"(2613, 1285)","(308, 0)","(1742, 162)"
20,"(1723, 1311)","(890, 6)","(0, 32)"
21,"(1227, 1379)","(496, 6)","(0, 74)"
2,"(164, 300)","(36, 0)","(0, 0)"
3,"(399, 356)","(31, 0)","(266, 56)"
4,"(292, 424)","(107, 0)","(0, 68)"
5,"(230, 424)","(62, 0)","(0, 0)"
6,"(573, 448)","(39, 0)","(382, 24)"
7,"(417, 472)","(156, 0)","(0, 24)"
8,"(327, 484)","(90, 0)","(0, 12)"
9,"(771, 528)","(70, 0)","(514, 44)"
10,"(538, 536)","(233, 0)","(0, 8)"
11,"(406, 596)","(132, 0)","(0, 60)"
12,"(984, 623)","(78, 7)","(656, 34)"
13,"(673, 635)","(311, 0)","(0, 12)"
14,"(503, 681)","(170, 6)","(0, 52)"
15,"(1170, 772)","(113, 7)","(780, 98)"
16,"(827, 827)","(343, 5)","(0, 60)"
17,"(1869, 919)","(204, 0)","(1246, 92)"
18,"(1232, 934)","(637, 7)","(0, 22)"
19,"(885, 960)","(347, 2)","(0, 28)"
20,"(2016, 1028)","(213, 2)","(1344, 70)"
21,"(1351, 1099)","(665, 3)","(0, 74)"
2,"(159, 300)","(41, 0)","(0, 0)"
3,"(134, 300)","(25, 0)","(0, 0)"
4,"(333, 370)","(23, 0)","(222, 70)"
5,"(258, 388)","(75, 0)","(0, 18)"
6,"(630, 430)","(48, 0)","(420, 42)"
7,"(434, 484)","(196, 0)","(0, 54)"
8,"(993, 562)","(103, 0)","(662, 78)"
9,"(673, 602)","(320, 0)","(0, 40)"
10,"(502, 630)","(171, 0)","(0, 28)"
11,"(1164, 714)","(114, 0)","(776, 84)"
12,"(804, 782)","(360, 8)","(0, 76)"
13,"(1803, 902)","(203, 0)","(1202, 120)"
14,"(1211, 970)","(592, 0)","(0, 68)"
15,"(2624, 1076)","(335, 2)","(1748, 108)"
16,"(1705, 1122)","(923, 0)","(4, 46)"
17,"(3582, 1274)","(507, 6)","(2384, 158)"
18,"(2276, 1304)","(1314, 2)","(8, 32)"
19,"(1553, 1336)","(723, 10)","(0, 42)"
20,"(3376, 1371)","(423, 13)","(2246, 48)"
21,"(2201, 1391)","(1185, 10)","(10, 30)"
2,"(162, 300)","(38, 0)","(0, 0)"
3,"(405, 352)","(27, 0)","(270, 52)"
4,"(295, 352)","(110, 0)","(0, 0)"
5,"(230, 366)","(65, 0)","(0, 14)"
6,"(548, 416)","(46, 0)","(364, 50)"
7,"(397, 468)","(155, 0)","(4, 52)"
8,"(905, 498)","(92, 0)","(600, 30)"
9,"(634, 530)","(279, 0)","(8, 32)"
10,"(1344, 618)","(182, 0)","(892, 88)"
11,"(894, 666)","(458, 0)","(8, 48)"
12,"(1884, 744)","(258, 16)","(1248, 94)"
13,"(1229, 772)","(671, 0)","(16, 28)"
14,"(2550, 829)","(371, 3)","(1692, 60)"
15,"(1606, 871)","(962, 0)","(18, 42)"
16,"(3199, 915)","(525, 0)","(2118, 44)"
17,"(1968, 915)","(1231, 12)","(0, 12)"
18,"(1328, 934)","(664, 5)","(24, 24)"
19,"(2699, 993)","(409, 11)","(1780, 70)"
20,"(1744, 1012)","(995, 11)","(40, 30)"
21,"(1194, 1027)","(550, 17)","(0, 32)"
2,"(88, 300)","(12, 0)","(0, 0)"
3,"(77, 300)","(11, 0)","(0, 0)"
4,"(216, 334)","(5, 0)","(144, 34)"
5,"(174, 372)","(42, 0)","(0, 38)"
6,"(145, 416)","(29, 0)","(0, 44)"
7,"(372, 550)","(21, 0)","(248, 134)"
8,"(295, 670)","(77, 0)","(0, 120)"
9,"(753, 812)","(44, 0)","(502, 142)"
10,"(569, 888)","(184, 0)","(0, 76)"
11,"(450, 954)","(119, 0)","(0, 66)"
12,"(1146, 993)","(68, 3)","(764, 42)"
13,"(833, 1117)","(313, 0)","(0, 124)"
14,"(647, 1197)","(186, 0)","(0, 80)"
15,"(1620, 1307)","(107, 0)","(1080, 110)"
16,"(1156, 1522)","(464, 1)","(0, 216)"
17,"(2701, 1596)","(255, 2)","(1800, 76)"
18,"(1843, 1740)","(860, 2)","(2, 146)"
19,"(4083, 2013)","(480, 5)","(2720, 278)"
20,"(2726, 2183)","(1363, 2)","(6, 172)"
21,"(1965, 2219)","(761, 12)","(0, 48)"
2,"(163, 300)","(37, 0)","(0, 0)"
3,"(405, 346)","(28, 0)","(270, 46)"
4,"(292, 422)","(113, 0)","(0, 76)"
5,"(664, 496)","(70, 0)","(442, 74)"
6,"(484, 540)","(182, 0)","(2, 44)"
7,"(1082, 604)","(122, 0)","(720, 64)"
8,"(731, 648)","(353, 0)","(2, 44)"
9,"(1590, 664)","(199, 0)","(1058, 16)"
10,"(1036, 698)","(554, 0)","(0, 34)"
11,"(2178, 806)","(310, 0)","(1452, 108)"
12,"(1378, 828)","(800, 14)","(0, 36)"
13,"(957, 850)","(427, 0)","(6, 22)"
14,"(2076, 903)","(259, 3)","(1378, 56)"
15,"(1364, 933)","(722, 4)","(10, 34)"
16,"(2846, 1026)","(408, 7)","(1890, 100)"
17,"(1821, 1065)","(1043, 5)","(18, 44)"
18,"(3689, 1155)","(578, 10)","(2446, 100)"
19,"(2316, 1213)","(1403, 8)","(30, 66)"
20,"(4575, 1300)","(771, 7)","(3030, 94)"
21,"(2830, 1334)","(1779, 14)","(34, 48)"
2,"(160, 300)","(40, 0)","(0, 0)"
3,"(139, 300)","(21, 0)","(0, 0)"
4,"(348, 352)","(23, 0)","(232, 52)"
5,"(260, 368)","(88, 0)","(0, 16)"
6,"(624, 446)","(52, 0)","(416, 78)"
7,"(430, 486)","(194, 0)","(0, 40)"
8,"(999, 554)","(97, 0)","(666, 68)"
9,"(679, 610)","(320, 0)","(0, 56)"
10,"(1514, 704)","(173, 0)","(1008, 94)"
11,"(994, 756)","(522, 0)","(2, 52)"
12,"(2162, 787)","(272, 11)","(1440, 42)"
13,"(1367, 839)","(797, 0)","(2, 52)"
14,"(2841, 901)","(420, 0)","(1894, 62)"
15,"(1760, 915)","(1081, 2)","(0, 16)"
16,"(1171, 949)","(589, 0)","(0, 34)"
17,"(2544, 1042)","(323, 3)","(1696, 96)"
18,"(1635, 1090)","(909, 4)","(0, 52)"
19,"(3435, 1155)","(490, 9)","(2290, 74)"
20,"(2164, 1239)","(1271, 12)","(0, 96)"
21,"(4404, 1308)","(696, 13)","(2936, 82)"
2,"(165, 300)","(35, 0)","(0, 0)"
3,"(139, 300)","(26, 0)","(0, 0)"
4,"(348, 364)","(23, 0)","(232, 64)"
5,"(267, 382)","(81, 0)","(0, 18)"
6,"(643, 414)","(52, 0)","(428, 32)"
7,"(445, 450)","(200, 0)","(2, 36)"
8,"(975, 536)","(118, 0)","(648, 86)"
9,"(677, 586)","(302, 0)","(4, 50)"
10,"(1464, 660)","(187, 0)","(974, 74)"
11,"(962, 696)","(506, 0)","(4, 36)"
12,"(2072, 735)","(268, 7)","(1378, 46)"
13,"(1309, 760)","(763, 1)","(0, 26)"
14,"(905, 788)","(408, 0)","(4, 28)"
15,"(1964, 806)","(247, 8)","(1306, 26)"
16,"(1270, 852)","(704, 0)","(10, 46)"
17,"(2655, 876)","(377, 6)","(1762, 30)"
18,"(1674, 917)","(997, 13)","(16, 54)"
19,"(3338, 1009)","(550, 8)","(2214, 100)"
20,"(2082, 1049)","(1280, 4)","(24, 44)"
21,"(4157, 1082)","(679, 13)","(2754, 46)"
2,"(155, 300)","(45, 0)","(0, 0)"
3,"(134, 300)","(21, 0)","(0, 0)"
4,"(342, 362)","(20, 0)","(228, 62)"
5,"(265, 386)","(77, 0)","(0, 24)"
6,"(631, 478)","(54, 0)","(420, 92)"
7,"(457, 516)","(176, 0)","(2, 38)"
8,"(1042, 560)","(107, 0)","(692, 44)"
9,"(707, 582)","(335, 0)","(0, 22)"
10,"(1569, 670)","(184, 0)","(1046, 88)"
11,"(1012, 698)","(557, 0)","(0, 28)"
12,"(719, 739)","(303, 11)","(10, 52)"
13,"(1622, 849)","(171, 0)","(1074, 110)"
14,"(1097, 877)","(537, 0)","(12, 28)"
15,"(2343, 947)","(306, 0)","(1552, 70)"
16,"(1502, 984)","(841, 3)","(0, 40)"
17,"(1064, 1009)","(450, 11)","(12, 36)"
18,"(2345, 1108)","(273, 9)","(1554, 108)"
19,"(1577, 1151)","(790, 1)","(22, 44)"
20,"(3348, 1306)","(445, 5)","(2216, 160)"
21,"(2165, 1372)","(1209, 8)","(26, 74)"
2,"(86, 300)","(14, 0)","(0, 0)"
3,"(234, 386)","(8, 0)","(156, 86)"
4,"(177, 386)","(57, 0)","(0, 0)"
5,"(445, 522)","(28, 0)","(296, 136)"
6,"(343, 588)","(104, 0)","(2, 66)"
7,"(861, 700)","(54, 0)","(572, 112)"
8,"(621, 740)","(242, 0)","(2, 40)"
9,"(475, 834)","(148, 0)","(2, 94)"
10,"(1178, 970)","(81, 0)","(784, 136)"
11,"(848, 1078)","(332, 0)","(2, 108)"
12,"(1967, 1128)","(187, 6)","(1306, 56)"
13,"(1348, 1156)","(635, 0)","(16, 28)"
14,"(977, 1292)","(371, 0)","(0, 136)"
15,"(2334, 1444)","(199, 6)","(1556, 158)"
16,"(1625, 1616)","(709, 4)","(0, 176)"
17,"(3598, 1862)","(425, 2)","(2398, 248)"
18,"(2422, 1926)","(1178, 4)","(2, 68)"
19,"(5268, 2103)","(664, 5)","(3510, 182)"
20,"(3394, 2277)","(1878, 4)","(4, 178)"
21,"(2373, 2311)","(1021, 12)","(0, 46)"
2,"(161, 300)","(39, 0)","(0, 0)"
3,"(396, 366)","(29, 0)","(264, 66)"
4,"(295, 440)","(101, 0)","(0, 74)"
5,"(715, 466)","(56, 0)","(476, 26)"
6,"(496, 486)","(221, 0)","(2, 20)"
7,"(1093, 542)","(129, 0)","(726, 56)"
8,"(729, 582)","(368, 0)","(4, 40)"
9,"(526, 620)","(203, 0)","(0, 38)"
10,"(1214, 650)","(120, 0)","(808, 30)"
11,"(825, 666)","(389, 0)","(0, 16)"
12,"(599, 697)","(226, 11)","(0, 42)"
13,"(1368, 795)","(143, 0)","(912, 98)"
14,"(942, 834)","(426, 5)","(0, 44)"
15,"(2076, 919)","(250, 5)","(1384, 90)"
16,"(1340, 988)","(736, 1)","(0, 70)"
17,"(2812, 1121)","(402, 5)","(1874, 138)"
18,"(1821, 1193)","(991, 4)","(0, 76)"
19,"(3798, 1308)","(555, 7)","(2532, 122)"
20,"(2402, 1365)","(1396, 11)","(0, 68)"
21,"(4911, 1449)","(765, 6)","(3274, 90)"
2,"(89, 300)","(11, 0)","(0, 0)"
3,"(246, 396)","(7, 0)","(164, 96)"
4,"(199, 396)","(47, 0)","(0, 0)"
5,"(486, 480)","(37, 0)","(324, 84)"
6,"(363, 522)","(123, 0)","(0, 42)"
7,"(281, 592)","(82, 0)","(0, 70)"
8,"(697, 666)","(48, 0)","(464, 74)"
9,"(507, 694)","(190, 0)","(0, 28)"
10,"(1188, 866)","(111, 0)","(792, 172)"
11,"(856, 1000)","(332, 0)","(0, 134)"
12,"(1992, 1071)","(192, 3)","(1328, 74)"
13,"(1331, 1101)","(661, 0)","(0, 30)"
14,"(983, 1189)","(348, 0)","(0, 88)"
15,"(2283, 1312)","(222, 5)","(1522, 128)"
16,"(1550, 1364)","(733, 4)","(0, 56)"
17,"(3423, 1497)","(409, 5)","(2282, 138)"
18,"(2246, 1512)","(1177, 3)","(0, 18)"
19,"(1584, 1606)","(662, 6)","(0, 100)"
20,"(3537, 1666)","(405, 8)","(2358, 68)"
21,"(2335, 1710)","(1202, 8)","(0, 52)"
2,"(154, 300)","(46, 0)","(0, 0)"
3,"(381, 360)","(27, 0)","(254, 60)"
4,"(276, 360)","(105, 0)","(0, 0)"
5,"(206, 372)","(70, 0)","(0, 12)"
6,"(516, 488)","(34, 0)","(344, 116)"
7,"(395, 506)","(121, 0)","(0, 18)"
8,"(912, 568)","(89, 0)","(606, 62)"
9,"(627, 600)","(287, 0)","(2, 32)"
10,"(474, 644)","(153, 0)","(0, 44)"
11,"(1140, 758)","(94, 0)","(760, 114)"
12,"(796, 796)","(344, 12)","(0, 50)"
13,"(1755, 896)","(211, 0)","(1170, 100)"
14,"(1165, 990)","(590, 0)","(0, 94)"
15,"(2536, 1119)","(319, 3)","(1690, 132)"
16,"(1654, 1157)","(884, 0)","(2, 38)"
17,"(1171, 1207)","(483, 4)","(0, 54)"
18,"(2685, 1394)","(276, 7)","(1790, 194)"
19,"(1803, 1424)","(882, 10)","(0, 40)"
20,"(3870, 1488)","(511, 6)","(2578, 70)"
21,"(2482, 1527)","(1390, 9)","(2, 48)"
2,"(158, 300)","(42, 0)","(0, 0)"
3,"(132, 300)","(26, 0)","(0, 0)"
4,"(321, 330)","(25, 0)","(214, 30)"
5,"(240, 358)","(81, 0)","(0, 28)"
6,"(198, 376)","(42, 0)","(0, 18)"
7,"(498, 396)","(32, 0)","(332, 20)"
8,"(354, 470)","(144, 0)","(0, 74)"
9,"(843, 510)","(73, 0)","(562, 40)"
10,"(585, 538)","(258, 0)","(0, 28)"
11,"(1306, 614)","(149, 0)","(870, 76)"
12,"(869, 640)","(439, 12)","(2, 38)"
13,"(1828, 680)","(259, 0)","(1218, 40)"
14,"(1158, 752)","(672, 0)","(2, 72)"
15,"(2402, 784)","(356, 0)","(1600, 32)"
16,"(1499, 818)","(907, 0)","(4, 34)"
17,"(3042, 892)","(483, 12)","(2026, 86)"
18,"(1879, 912)","(1167, 10)","(4, 30)"
19,"(3752, 953)","(625, 7)","(2498, 48)"
20,"(2247, 972)","(1513, 7)","(8, 26)"
21,"(1455, 1022)","(792, 6)","(0, 56)"
2,"(161, 300)","(39, 0)","(0, 0)"
3,"(391, 362)","(30, 0)","(260, 62)"
4,"(299, 378)","(94, 0)","(2, 16)"
5,"(228, 412)","(71, 0)","(0, 34)"
6,"(549, 474)","(45, 0)","(366, 62)"
7,"(401, 544)","(148, 0)","(0, 70)"
8,"(946, 626)","(85, 0)","(630, 82)"
9,"(661, 684)","(287, 0)","(2, 58)"
10,"(1491, 754)","(162, 0)","(992, 70)"
11,"(1021, 828)","(476, 0)","(6, 74)"
2,"(165, 300)","(35, 0)","(0, 0)"
3,"(135, 300)","(30, 0)","(0, 0)"
4,"(321, 318)","(28, 0)","(214, 18)"
2,"(9020,9010)","(350, 4222)","(2333, 2333)"
3,"(133, 300)","(31, 0)","(0, 0)"
4,"(346, 310)","(17, 0)","(230, 10)"
5,"(249, 352)","(99, 0)","(2, 42)"
6,"(569, 416)","(58, 0)","(378, 64)"
7,"(409, 468)","(164, 0)","(4, 52)"
8,"(924, 546)","(99, 0)","(614, 78)"
9,"(633, 596)","(297, 0)","(6, 50)"
10,"(1410, 694)","(159, 0)","(936, 98)"
11,"(938, 726)","(480, 0)","(8, 32)"
12,"(2004, 763)","(264, 15)","(1330, 52)"
13,"(1286, 839)","(730, 0)","(12, 76)"
14,"(2639, 889)","(397, 0)","(1750, 50)"
15,"(1663, 935)","(994, 0)","(18, 46)"
16,"(1135, 965)","(528, 0)","(0, 30)"
17,"(2464, 1046)","(305, 3)","(1634, 84)"
18,"(1616, 1106)","(866, 12)","(18, 72)"
19,"(3331, 1172)","(493, 4)","(2208, 70)"
20,"(2119, 1191)","(1238, 15)","(26, 34)"
21,"(1438, 1218)","(681, 5)","(0, 32)"
2,"(9020,9010)","(350, 4222)","(2333, 2333)"
3,"(9020,9010)","(350, 4222)","(2333, 2333)"
3,"(131, 300)","(26, 0)","(0, 0)"
4,"(336, 324)","(19, 0)","(224, 24)"
5,"(248, 368)","(88, 0)","(0, 44)"
6,"(588, 408)","(52, 0)","(392, 40)"
7,"(410, 422)","(178, 0)","(0, 14)"
8,"(930, 510)","(100, 0)","(620, 88)"
9,"(624, 538)","(306, 0)","(0, 28)"
10,"(1374, 624)","(166, 0)","(916, 86)"
11,"(901, 638)","(473, 0)","(0, 14)"
12,"(1899, 707)","(268, 13)","(1266, 82)"
13,"(1222, 725)","(677, 0)","(0, 18)"
14,"(2533, 785)","(377, 0)","(1688, 60)"
15,"(1571, 827)","(964, 0)","(2, 42)"
16,"(3149, 879)","(520, 2)","(2098, 54)"
17,"(1924, 901)","(1227, 6)","(2, 28)"
2,"(160, 300)","(40, 0)","(0, 0)"
3,"(369, 370)","(37, 0)","(246, 70)"
4,"(275, 394)","(94, 0)","(0, 24)"
5,"(654, 438)","(57, 0)","(436, 44)"
6,"(460, 464)","(194, 0)","(0, 26)"
7,"(1023, 562)","(119, 0)","(682, 98)"
8,"(689, 600)","(334, 0)","(0, 38)"
9,"(1525, 678)","(180, 0)","(1016, 78)"
10,"(1005, 720)","(520, 0)","(0, 42)"
11,"(2140, 794)","(291, 0)","(1426, 74)"
12,"(1361, 844)","(781, 12)","(2, 62)"
13,"(2845, 914)","(410, 0)","(1894, 70)"
14,"(1766, 939)","(1081, 13)","(2, 38)"
15,"(3522, 1039)","(590, 0)","(2346, 100)"
16,"(2172, 1049)","(1352, 8)","(2, 18)"
17,"(4330, 1107)","(728, 4)","(2886, 62)"
18,"(2611, 1128)","(1719, 13)","(0, 34)"
19,"(1709, 1147)","(904, 15)","(2, 34)"
20,"(3608, 1175)","(505, 6)","(2404, 34)"
2,"(164, 300)","(36, 0)","(0, 0)"
3,"(414, 356)","(26, 0)","(276, 56)"
4,"(293, 414)","(121, 0)","(0, 58)"
5,"(678, 492)","(67, 0)","(452, 78)"
6,"(480, 560)","(198, 0)","(0, 68)"
7,"(1092, 600)","(116, 0)","(728, 40)"
8,"(742, 628)","(350, 0)","(0, 28)"
9,"(1608, 694)","(206, 0)","(1072, 66)"
10,"(1048, 730)","(560, 0)","(0, 36)"
11,"(2196, 806)","(316, 0)","(1464, 76)"
12,"(1397, 835)","(799, 17)","(0, 46)"
13,"(2859, 875)","(444, 0)","(1906, 40)"
14,"(1766, 890)","(1093, 3)","(0, 18)"
15,"(1179, 898)","(587, 8)","(0, 16)"
16,"(2539, 931)","(332, 17)","(1692, 50)"
17,"(1613, 972)","(928, 3)","(2, 44)"
18,"(1100, 983)","(513, 19)","(0, 30)"
19,"(2428, 1051)","(290, 10)","(1618, 78)"
20,"(1591, 1100)","(839, 13)","(2, 62)"
21,"(3291, 1262)","(492, 6)","(2192, 168)"
3,"(131, 300)","(28, 0)","(0, 0)"
4,"(334, 366)","(19, 0)","(222, 66)"
5,"(256, 392)","(78, 0)","(0, 26)"
6,"(603, 448)","(55, 0)","(402, 56)"
7,"(420, 488)","(183, 0)","(0, 40)"
8,"(978, 564)","(94, 0)","(652, 76)"
9,"(666, 612)","(312, 0)","(0, 48)"
10,"(1485, 682)","(171, 0)","(990, 70)"
11,"(966, 754)","(519, 0)","(0, 72)"
12,"(2115, 832)","(261, 10)","(1410, 88)"
13,"(1340, 888)","(775, 0)","(0, 56)"
14,"(2794, 934)","(408, 0)","(1862, 46)"
15,"(1763, 999)","(1033, 3)","(2, 68)"
16,"(3630, 1053)","(551, 0)","(2418, 54)"
17,"(2230, 1108)","(1402, 1)","(2, 56)"
18,"(4453, 1186)","(745, 10)","(2968, 88)"
19,"(2704, 1228)","(1749, 14)","(0, 56)"
20,"(5326, 1257)","(928, 17)","(3550, 46)"
21,"(3180, 1243)","(2146, 26)","(0, 12)"
2,"(159, 300)","(41, 0)","(0, 0)"
3,"(409, 352)","(22, 0)","(272, 52)"
4,"(301, 424)","(110, 0)","(2, 72)"
5,"(714, 438)","(61, 0)","(474, 14)"
6,"(487, 450)","(227, 0)","(0, 12)"
7,"(370, 474)","(121, 0)","(4, 24)"
8,"(836, 530)","(88, 0)","(554, 56)"
9,"(587, 554)","(257, 0)","(8, 24)"
10,"(1298, 600)","(147, 0)","(858, 46)"
11,"(869, 638)","(435, 0)","(6, 38)"
12,"(1797, 699)","(266, 15)","(1194, 76)"
13,"(1163, 745)","(646, 0)","(12, 46)"
14,"(2443, 815)","(342, 0)","(1622, 70)"
15,"(1546, 835)","(909, 10)","(12, 30)"
16,"(3096, 900)","(506, 3)","(2056, 68)"
17,"(1914, 940)","(1192, 6)","(10, 46)"
18,"(3808, 973)","(640, 13)","(2534, 46)"
19,"(2303, 1006)","(1511, 5)","(6, 38)"
20,"(4496, 1047)","(797, 9)","(2990, 50)"
21,"(2674, 1082)","(1836, 17)","(14, 52)"
2,"(89, 300)","(11, 0)","(0, 0)"
3,"(237, 380)","(10, 0)","(158, 80)"
4,"(188, 414)","(49, 0)","(0, 34)"
5,"(451, 516)","(37, 0)","(300, 102)"
6,"(349, 602)","(104, 0)","(2, 86)"
7,"(827, 640)","(72, 0)","(550, 38)"
8,"(584, 710)","(243, 0)","(0, 70)"
9,"(444, 762)","(140, 0)","(0, 52)"
10,"(1126, 870)","(68, 0)","(750, 108)"
11,"(808, 980)","(318, 0)","(0, 110)"
12,"(619, 1008)","(189, 4)","(0, 32)"
13,"(1510, 1180)","(115, 0)","(1006, 172)"
14,"(1085, 1344)","(427, 2)","(2, 166)"
15,"(2513, 1565)","(246, 1)","(1674, 222)"
16,"(1751, 1640)","(766, 7)","(4, 82)"
17,"(3878, 1793)","(455, 1)","(2582, 154)"
18,"(2564, 1834)","(1316, 11)","(2, 52)"
19,"(1820, 1906)","(748, 4)","(4, 76)"
20,"(4095, 2084)","(451, 8)","(2726, 186)"
21,"(2768, 2203)","(1337, 11)","(10, 130)"
2,"(89, 300)","(11, 0)","(0, 0)"
3,"(77, 300)","(12, 0)","(0, 0)"
4,"(210, 386)","(7, 0)","(140, 86)"
5,"(167, 448)","(43, 0)","(0, 62)"
6,"(430, 586)","(23, 0)","(286, 138)"
7,"(336, 654)","(96, 0)","(2, 68)"
8,"(840, 810)","(54, 0)","(558, 156)"
9,"(626, 952)","(220, 0)","(6, 142)"
10,"(498, 994)","(128, 0)","(0, 42)"
11,"(1233, 1170)","(87, 0)","(822, 176)"
12,"(914, 1254)","(319, 6)","(0, 90)"
13,"(706, 1318)","(208, 0)","(0, 64)"
14,"(1725, 1682)","(131, 0)","(1150, 364)"
15,"(1284, 1921)","(441, 1)","(0, 240)"
16,"(3053, 2190)","(265, 1)","(2034, 270)"
17,"(2180, 2381)","(875, 1)","(2, 192)"
18,"(4958, 2508)","(512, 1)","(3290, 128)"
19,"(3352, 2794)","(1644, 6)","(38, 292)"
20,"(7189, 2930)","(927, 8)","(4764, 144)"
21,"(4700, 3217)","(2547, 13)","(58, 300)"
2,"(92, 300)","(8, 0)","(0, 0)"
3,"(240, 378)","(12, 0)","(160, 78)"
4,"(193, 378)","(47, 0)","(0, 0)"
5,"(162, 396)","(31, 0)","(0, 18)"
6,"(432, 458)","(18, 0)","(288, 62)"
7,"(323, 498)","(109, 0)","(0, 40)"
8,"(259, 536)","(64, 0)","(0, 38)"
9,"(665, 570)","(36, 0)","(442, 34)"
10,"(482, 650)","(185, 0)","(2, 80)"
11,"(1127, 746)","(105, 0)","(750, 96)"
12,"(800, 796)","(331, 6)","(4, 56)"
13,"(1809, 926)","(193, 0)","(1202, 130)"
14,"(1229, 995)","(590, 1)","(10, 70)"
15,"(880, 1055)","(349, 0)","(0, 60)"
16,"(2047, 1147)","(197, 2)","(1364, 94)"
17,"(1397, 1293)","(650, 0)","(0, 146)"
18,"(3144, 1389)","(349, 8)","(2096, 104)"
19,"(2048, 1442)","(1096, 3)","(0, 56)"
20,"(4333, 1519)","(589, 3)","(2874, 80)"
21,"(2763, 1531)","(1596, 4)","(26, 16)"
2,"(162, 300)","(38, 0)","(0, 0)"
3,"(396, 356)","(30, 0)","(264, 56)"
4,"(286, 356)","(110, 0)","(0, 0)"
5,"(224, 364)","(62, 0)","(0, 8)"
6,"(564, 444)","(36, 0)","(376, 80)"
7,"(403, 476)","(161, 0)","(0, 32)"
8,"(951, 532)","(86, 0)","(634, 56)"
9,"(643, 606)","(308, 0)","(0, 74)"
10,"(1423, 668)","(168, 0)","(948, 62)"
11,"(938, 684)","(485, 0)","(0, 16)"
12,"(1972, 731)","(280, 13)","(1314, 60)"
13,"(1251, 755)","(723, 0)","(2, 24)"
14,"(857, 790)","(394, 5)","(0, 40)"
15,"(1894, 892)","(225, 0)","(1262, 102)"
16,"(1249, 952)","(647, 0)","(2, 60)"
17,"(2656, 1038)","(361, 8)","(1768, 94)"
18,"(1706, 1092)","(958, 2)","(8, 56)"
19,"(3533, 1214)","(523, 2)","(2350, 124)"
20,"(2228, 1304)","(1315, 6)","(10, 96)"
21,"(4573, 1324)","(697, 12)","(3042, 32)"
